ID,MUID,VERSIONNAME,VERSIONNUMBER,VERSION_ID,VERSIONFLAG,NAME,CODE,CHANGETRACKINGMASK,PEG_ITEMCODE_CODE,PEG_ITEMCODE_NAME,PEG_ITEMCODE_ID,SALESCYCLE,ENTERDATETIME,ENTERUSERNAME,ENTERVERSIONNUMBER,LASTCHGDATETIME,LASTCHGUSERNAME,LASTCHGVERSIONNUMBER,VALIDATIONSTATUS
-1,muid1,vername1,1,1,vflag1,name1,code1,-100,pcode1,pname1,1,-5,2023-01-01 12:00:00,user1,1,2023-01-01 12:00:00,user1,1,valid
1,muid1,vername1,1,1,vflag1,name1,code1,1,,pname1,1,1,2023-01-02 12:00:00,,1,2023-01-02 12:00:00,user2,1,invalid
2,muid2,vername2,2,2,vflag2,name2,code2,2,pcode2,pname2,2,2,2023-01-03 12:00:00,user3,2,2023-01-03 12:00:00,user3,2,valid
3,muid3,vername3,3,3,vflag3,name3,code3,3,pcode3,pname3,3,3,2023-01-04 12:00:00,user4,3,2023-01-04 12:00:00,user4,3,valid
3,muid4,vername4,4,4,vflag4,name4,code4,4,pcode4,pname4,4,4,2023-01-05 12:00:00,user5,4,2023-01-05 12:00:00,user5,4,valid
4,muid5,vername5,5,5,vflag5,name5,code5,5,pcode5,pname5,5,5,2023-01-06 12:00:00,user6,5,2023-01-06 12:00:00,user6,5,valid
5,muid6,vername6,6,6,vflag6,name6,code6,6,pcode6,pname6,6,6,2023-01-07 12:00:00,user7,6,2023-01-07 12:00:00,user7,6,valid
6,muid7,vername7,7,7,vflag7,name7,code7,7,pcode7,pname7,7,7,2023-01-08 12:00:00,user8,7,2023-01-08 12:00:00,user8,7,valid
7,muid8,vername8,8,8,vflag8,name8,code8,8,pcode8,pname8,8,8,2023-01-09 12:00:00,user9,8,2023-01-09 12:00:00,user9,8,valid
7,muid9,vername9,9,9,vflag9,name9,code9,9,pcode9,pname9,9,9,2023-01-10 12:00:00,user10,9,2023-01-10 12:00:00,user10,9,valid
8,muid10,vername10,10,10,vflag10,name10,code10,10,pcode10,pname10,10,10,2023-01-11 12:00:00,user11,10,2023-01-11 12:00:00,user11,10,valid
9,muid11,vername11,11,11,vflag11,name11,code11,11,pcode11,pname11,11,11,2023-01-12 12:00:00,user12,11,2023-01-12 12:00:00,user12,11,valid
10,muid12,vername12,12,12,vflag12,name12,code12,12,pcode12,pname12,12,12,2023-01-13 12:00:00,user13,12,2023-01-13 12:00:00,user13,12,valid
11,muid13,vername13,13,13,vflag13,name13,code13,13,pcode13,pname13,13,13,2023-01-14 12:00:00,user14,13,2023-01-14 12:00:00,user14,13,valid
12,muid14,vername14,14,14,vflag14,name14,code14,14,pcode14,pname14,14,14,2023-01-15 12:00:00,user15,14,2023-01-15 12:00:00,user15,14,valid
13,muid15,vername15,15,15,vflag15,name15,code15,15,pcode15,pname15,15,15,2023-01-16 12:00:00,user16,15,2023-01-16 12:00:00,user16,15,valid
14,muid16,vername16,16,16,vflag16,name16,code16,16,pcode16,pname16,16,16,2023-01-17 12:00:00,user17,16,2023-01-17 12:00:00,user17,16,valid
15,muid17,vername17,17,17,vflag17,name17,code17,17,pcode17,pname17,17,17,2023-01-18 12:00:00,user18,17,2023-01-18 12:00:00,user18,17,valid
16,muid18,vername18,18,18,vflag18,name18,code18,18,pcode18,pname18,18,18,2023-01-19 12:00:00,user19,18,2023-01-19 12:00:00,user19,18,valid
17,muid19,vername19,19,19,vflag19,name19,code19,19,pcode19,pname19,19,19,2023-01-20 12:00:00,user20,19,2023-01-20 12:00:00,user20,19,valid
18,muid20,vername20,20,20,vflag20,name20,code20,20,pcode20,pname20,20,20,2023-01-21 12:00:00,user21,20,2023-01-21 12:00:00,user21,20,valid
19,muid21,vername21,21,21,vflag21,name21,code21,21,pcode21,pname21,21,21,2023-01-22 12:00:00,user22,21,2023-01-22 12:00:00,user22,21,valid
20,muid22,vername22,22,22,vflag22,name22,code22,22,pcode22,pname22,22,22,2023-01-23 12:00:00,user23,22,2023-01-23 12:00:00,user23,22,valid
21,muid23,vername23,23,23,vflag23,name23,code23,23,pcode23,pname23,23,23,2023-01-24 12:00:00,user24,23,2023-01-24 12:00:00,user24,23,valid
22,muid24,vername24,24,24,vflag24,name24,code24,24,pcode24,pname24,24,24,2023-01-25 12:00:00,user25,24,2023-01-25 12:00:00,user25,24,valid
23,muid25,vername25,25,25,vflag25,name25,code25,25,pcode25,pname25,25,25,2023-01-26 12:00:00,user26,25,2023-01-26 12:00:00,user26,25,valid
24,muid26,vername26,26,26,vflag26,name26,code26,26,pcode26,pname26,26,26,2023-01-27 12:00:00,user27,26,2023-01-27 12:00:00,user27,26,valid
25,muid27,vername27,27,27,vflag27,name27,code27,27,pcode27,pname27,27,27,2023-01-28 12:00:00,user28,27,2023-01-28 12:00:00,user28,27,valid
26,muid28,vername28,28,28,vflag28,name28,code28,28,pcode28,pname28,28,28,2023-01-29 12:00:00,user29,28,2023-01-29 12:00:00,user29,28,valid
27,muid29,vername29,29,29,vflag29,name29,code29,29,pcode29,pname29,29,29,2023-01-30 12:00:00,user30,29,2023-01-30 12:00:00,user30,29,valid
28,muid30,vername30,30,30,vflag30,name30,code30,30,pcode30,pname30,30,30,2023-01-31 12:00:00,user31,30,2023-01-31 12:00:00,user31,30,valid
29,muid31,vername31,31,31,vflag31,name31,code31,31,pcode31,pname31,31,31,2023-02-01 12:00:00,user32,31,2023-02-01 12:00:00,user32,31,valid
30,muid32,vername32,32,32,vflag32,name32,code32,32,pcode32,pname32,32,32,2023-02-02 12:00:00,user33,32,2023-02-02 12:00:00,user33,32,valid
31,muid33,vername33,33,33,vflag33,name33,code33,33,pcode33,pname33,33,33,2023-02-03 12:00:00,user34,33,2023-02-03 12:00:00,user34,33,valid
32,muid34,vername34,34,34,vflag34,name34,code34,34,pcode34,pname34,34,34,2023-02-04 12:00:00,user35,34,2023-02-04 12:00:00,user35,34,valid
33,muid35,vername35,35,35,vflag35,name35,code35,35,pcode35,pname35,35,35,2023-02-05 12:00:00,user36,35,2023-02-05 12:00:00,user36,35,valid
34,muid36,vername36,36,36,vflag36,name36,code36,36,pcode36,pname36,36,36,2023-02-06 12:00:00,user37,36,2023-02-06 12:00:00,user37,36,valid
35,muid37,vername37,37,37,vflag37,name37,code37,37,pcode37,pname37,37,37,2023-02-07 12:00:00,user38,37,2023-02-07 12:00:00,user38,37,valid
36,muid38,vername38,38,38,vflag38,name38,code38,38,pcode38,pname38,38,38,2023-02-08 12:00:00,user39,38,2023-02-08 12:00:00,user39,38,valid
37,muid39,vername39,39,39,vflag39,name39,code39,39,pcode39,pname39,39,39,2023-02-09 12:00:00,user40,39,2023-02-09 12:00:00,user40,39,valid
38,muid40,vername40,40,40,vflag40,name40,code40,40,pcode40,pname40,40,40,2023-02-10 12:00:00,user41,40,2023-02-10 12:00:00,user41,40,valid
39,muid41,vername41,41,41,vflag41,name41,code41,41,pcode41,pname41,41,41,2023-02-11 12:00:00,user42,41,2023-02-11 12:00:00,user42,41,valid
40,muid42,vername42,42,42,vflag42,name42,code42,42,pcode42,pname42,42,42,2023-02-12 12:00:00,user43,42,2023-02-12 12:00:00,user43,42,valid
41,muid43,vername43,43,43,vflag43,name43,code43,43,pcode43,pname43,43,43,2023-02-13 12:00:00,user44,43,2023-02-13 12:00:00,user44,43,valid
42,muid44,vername44,44,44,vflag44,name44,code44,44,pcode44,pname44,44,44,2023-02-14 12:00:00,user45,44,2023-02-14 12:00:00,user45,44,valid
43,muid45,vername45,45,45,vflag45,name45,code45,45,pcode45,pname45,45,45,2023-02-15 12:00:00,user46,45,2023-02-15 12:00:00,user46,45,valid
44,muid46,vername46,46,46,vflag46,name46,code46,46,pcode46,pname46,46,46,2023-02-16 12:00:00,user47,46,2023-02-16 12:00:00,user47,46,valid
45,muid47,vername47,47,47,vflag47,name47,code47,47,pcode47,pname47,47,47,2023-02-17 12:00:00,user48,47,2023-02-17 12:00:00,user48,47,valid
46,muid48,vername48,48,48,vflag48,name48,code48,48,pcode48,pname48,48,48,2023-02-18 12:00:00,user49,48,2023-02-18 12:00:00,user49,48,valid
47,muid49,vername49,49,49,vflag49,name49,code49,49,pcode49,pname49,49,49,2023-02-19 12:00:00,user50,49,2023-02-19 12:00:00,user50,49,valid
48,muid50,vername50,50,50,vflag50,name50,code50,50,pcode50,pname50,50,50,2023-02-20 12:00:00,user51,50,2023-02-20 12:00:00,user51,50,valid
